id,receive_time
0,1687787795
1,1687787801
2,1687787807
3,1687787813
4,1687787819
5,1687787826
6,1687787832
7,1687787838
8,1687787844
9,1687787850
10,1687787856
11,1687787862
12,1687787869
13,1687787875
14,1687787881
15,1687787887
16,1687787893
17,1687787898
18,1687787904
19,1687787911
20,1687787917
21,1687787923
22,1687787929
23,1687787935
24,1687787941
25,1687787947
26,1687787953
27,1687787960
28,1687787966
29,1687787972
30,1687787978
31,1687787984
32,1687787990
33,1687787996
34,1687788002
35,1687788009
36,1687788015
37,1687788020
38,1687788025
39,1687788031
40,1687788037
41,1687788043
42,1687788050
43,1687788056
44,1687788062
45,1687788068
46,1687788074
47,1687788080
48,1687788086
49,1687788093
50,1687788099
51,1687788105
52,1687788111
53,1687788117
54,1687788123
55,1687788129
56,0
57,1687788135
58,1687788142
59,1687788147
60,0
61,1687788153
62,1687788159
63,0
64,1687788165
65,0
66,1687788171
67,1687788177
68,0
69,1687788183
70,1687788190
71,0
72,1687788196
73,1687788202
74,0
75,1687788208
76,1687788214
77,0
78,1687788220
79,1687788226
80,0
81,1687788233
82,1687788239
83,0
84,1687788245
85,1687788251
86,0
87,1687788257
88,1687788263
89,0
90,1687788268
91,1687788273
92,0
93,1687788280
94,1687788286
95,0
96,1687788292
97,1687788298
98,0
99,1687788304
100,0
101,0
102,0
103,0
104,0
105,0
106,0
107,0
108,0
109,0
110,0
111,0
112,0
113,0
114,0
115,0
116,0
117,1687788310
118,0
119,0
120,0
121,0
122,0
123,0
124,0
125,0
126,0
127,0
128,0
129,1687788317
130,1687788323
131,0
132,0
133,0
134,1687788332
135,0
136,1687788340
137,0
138,1687788348
139,1687788354
140,1687788360
141,1687788367
142,1687788373
143,1687788379
144,1687788385
145,1687788391
146,1687788397
147,1687788402
148,1687788409
149,1687788415
150,1687788421
151,1687788427
152,1687788433
153,1687788439
154,1687788445
155,1687788451
156,1687788458
157,1687788464
158,1687788470
159,1687788476
160,1687788482
161,1687788488
162,1687788494
163,1687788501
164,1687788506
165,1687788512
166,1687788518
167,1687788523
168,1687788529
169,1687788535
170,1687788541
171,1687788548
172,1687788554
173,1687788560
174,1687788566
175,1687788572
176,1687788578
177,1687788584
178,1687788591
179,1687788597
180,1687788603
181,1687788609
182,1687788615
183,1687788621
184,1687788627
185,1687788633
186,1687788640
187,1687788645
188,1687788651
189,1687788657
190,1687788663
191,1687788669
192,0
193,1687788675
194,1687788682
195,0
196,1687788688
197,1687788694
198,0
199,1687788700
200,1687788706
201,0
202,1687788712
203,0
204,1687788718
205,1687788724
206,0
207,1687788731
208,1687788737
209,0
210,1687788743
211,1687788749
212,1687788755
213,0
214,1687788761
215,0
216,1687788766
217,1687788773
218,0
219,1687788779
220,1687788785
221,0
222,1687788791
223,1687788797
224,0
225,1687788803
226,1687788809
227,0
228,1687788816
229,1687788822
230,0
231,1687788828
232,1687788834
233,0
234,1687788840
235,1687788846
236,0
237,1687788852
238,0
239,1687788859
240,1687788865
241,0
242,1687788871
243,1687788877
244,1687788883
245,0
246,1687788888
247,1687788894
248,0
249,1687788900
250,0
251,1687788907
252,1687788913
253,0
254,1687788919
255,1687788925
256,0
257,1687788931
258,1687788937
259,0
260,1687788943
261,1687788949
262,0
263,1687788956
264,1687788962
265,0
266,1687788968
267,1687788974
268,0
269,1687788980
270,1687788986
271,0
272,1687788992
273,1687788999
274,0
275,1687789005
276,1687789010
277,0
278,1687789016
279,1687789022
280,0
281,1687789028
282,1687789034
283,0
284,1687789041
285,1687789047
286,0
287,1687789053
288,0
289,1687789059
290,1687789065
291,0
292,1687789071
293,1687789077
294,0
295,1687789083
296,1687789090
297,0
298,1687789096
299,1687789102
